Time,Normal,Faulty,Anomalous
0.0,0.04967141530112327,0.6996777182930011,-0.5401426199795053
0.01001001001001001,0.2954896312717505,1.0570662452502064,0.19370112481645468
0.02002002002002002,0.6530628190108743,0.7938335734234439,-0.045641971599164055
0.03003003003003003,0.9618741489815466,0.3088525639861697,0.5632019396295117
0.04004004004004004,0.9280291372108432,1.0157092393835279,-0.5634472588798517
0.050050050050050046,0.9765850681336793,1.198628286534292,1.1706337297269482
0.06006006006006006,1.108393038850851,1.6840768690272065,0.9514361375898911
0.07007007007007007,0.8844646069890978,1.2994987197433732,0.15405022921925426
0.08008008008008008,0.538800638948344,0.9317554490113373,1.1131446122877633
0.09009009009009009,0.3605800239653803,-0.24554276018962923,1.0563801297080306
0.10010010010010009,-0.049486501488982225,0.6593258859610487,-1.2891926237029154
0.11011011011011011,-0.3588780195885153,0.07306710539419636,-0.922484867084461
0.12012012012012012,-0.5666378078493542,0.6194484571376424,-1.2061479148357963
0.13013013013013014,-1.0027412109286458,-1.336287785756587,-1.5633356673499579
0.14014014014014015,-1.1248995661357548,-0.36806609307998595,-0.2888279093390528
0.15015015015015015,-1.0562176273998114,-0.89537329130905,-1.155049785493957
0.16016016016016016,-1.0507727523882557,-0.9880737853625561,-1.161101513403302
0.17017017017017017,-0.7744383836981422,-0.8767004368114594,-2.4089530084830724
0.18018018018018017,-0.6739988047583949,-0.9251553141824976,-0.07486197303889264
0.19019019019019018,-0.44455931860815656,-0.3742660047551438,-1.2947356643574055
0.20020020020020018,0.15285431020822243,0.2752537509506287,0.05423553752912963
0.21021021021021022,0.29271330852684907,0.3161069450236082,0.5371924889420561
0.22022022022022023,0.6001210823064128,0.7507433357367467,1.6818951385085414
0.23023023023023023,0.6707723666023875,1.701099719966038,-0.23380913407155657
0.24024024024024024,0.8989233999249109,1.5347446057689338,-1.4622480522792312
0.2502502502502503,1.0110613548387335,1.2275635879804994,1.1470487316707028
0.2602602602602603,0.8333987758175649,1.2556956533705919,2.3889070787684785
0.2702702702702703,0.8415669322015081,1.032005229567351,1.795154212718491
0.2802802802802803,0.5205750804367247,0.7026251597236595,0.7483664816483059
0.2902902902902903,0.27116150263242345,-0.4928115082733822,-0.09297807089388677
0.3003003003003003,-0.06960473344883669,-0.1268039731339541,0.6362640050839513
0.3103103103103103,-0.1330458964414142,-0.8638515990601129,-1.097110674655883
0.3203203203203203,-0.5972463431076913,-0.22985920301602344,-0.21481040514892247
0.3303303303303303,-0.920844234381852,-0.677730770087864,-0.41069701415296045
0.34034034034034033,-0.8720516425184296,-1.4769917746586676,-0.10613820772964466
0.35035035035035034,-1.122023793197396,-0.1997424159485636,1.2077886029285683
0.36036036036036034,-0.9266108872199548,-1.2711589741767564,-0.6335644729774167
0.37037037037037035,-0.9980902051430217,-1.3694579394387119,-1.2092940933210432
0.38038038038038036,-0.7108943643902149,-0.6535809032759262,-0.5985352092539674
0.39039039039039036,-0.2776437130802606,-0.0542082823612412,-1.7125905605784677
0.40040040040040037,0.08642527583828065,0.869630834676682,-0.543191887032507
0.41041041041041043,0.33839017180314024,0.3815278267442795,-0.00617260680634002
0.42042042042042044,0.586854258152103,1.3010325124960485,0.17914836804325307
0.43043043043043044,0.7867806676339762,0.6084377209297849,0.9387749348198827
0.44044044044044045,0.8073889585615444,0.5891758163839653,0.29730521169252655
0.45045045045045046,0.9279154509272782,1.4587023552652225,1.8967244056263262
0.46046046046046046,0.9004231126388738,1.5628490934607495,0.9466526416694101
0.47047047047047047,0.9059535452759241,0.17373211086997317,0.7928010657431409
0.4804804804804805,0.6098686817267372,1.1231174018795251,0.31319107955955683
0.4904904904904905,0.1180218397830089,0.7053068131444264,0.4184784024064656
0.5005005005005005,0.01668535788243809,-0.30964840279846106,0.6443555726770663
0.5105105105105106,-0.36273802352600387,0.16434520620517762,-1.0179339680530926
0.5205205205205206,-0.668627834193719,-0.1938262129011175,-1.1274288254233285
0.5305305305305306,-0.7575332254817411,-0.8804765994557816,-1.0616816773871596
0.5405405405405406,-0.8530667824896556,-1.509686019850914,-2.0328634735178226
0.5505505505505506,-0.9067224150466806,-1.3149233975488894,-1.6552567147354988
0.5605605605605606,-1.0293891249161273,-0.6671101009336468,-1.3264440714295906
0.5705705705705706,-0.8292727762595278,-0.053491572420908184,-0.09884019410422429
0.5805805805805806,-0.5398059115016645,-0.4946902081264115,-0.3628831914404809
0.5905905905905906,-0.19376445056331,-0.7542838149951017,-0.1364470341815104
0.6006006006006006,-0.029050119000061415,0.427337279483361,0.6995856745188455
0.6106106106106106,0.30863714319138963,-0.8054844066215965,0.21730561013825403
0.6206206206206206,0.4928127416628223,1.3347194047142188,0.9158181190065368
0.6306306306306306,0.7008819126990192,-0.24435009119805548,0.7379251727610894
0.6406406406406406,1.0383354382376908,0.4989247055384115,1.1693727355179737
0.6506506506506506,1.1354150971210086,0.4644577775098161,0.5335841681746607
0.6606606606606606,0.937237393222796,0.589119551747177,-1.006615321240314
0.6706706706706707,0.8968071492941329,1.5321462213327557,0.6890305297558871
0.6806806806806807,0.6065155930826673,0.14007558039004045,1.7085504994578562
0.6906906906906907,0.22379721481170975,0.18535441222172105,1.0292815120654961
0.7007007007007007,0.014128176624615033,-0.019090000842501457,0.7503066037467102
0.7107107107107107,-0.17636939375423796,0.2007957172130856,0.6587315270441394
0.7207207207207207,-0.6095334801745409,-0.41387845234748066,-0.5350248034943957
0.7307307307307307,-0.6658318160174066,-1.6616403657538574,-0.6644436156743307
0.7407407407407407,-1.2199640227244632,-0.7353209346560015,-1.4521110286629688
0.7507507507507507,-0.9175316238328666,-1.21833949495276,-1.2525801590920287
0.7607607607607607,-0.9346953914477651,-1.4288277923091295,-0.450783178454669
0.7707707707707707,-0.8244490389590329,-0.8565679742049168,0.16855924582260684
0.7807807807807807,-0.5585900084411585,-0.016648699019236435,-0.6793231066395083
0.7907907907907907,-0.4840534575341411,-0.134897743567357,-0.6454479779551812
0.8008008008008007,0.003188056605621759,-0.11903227045890973,0.025577612474650787
0.8108108108108109,0.36885105189323203,0.45177751426714885,0.8141051938853493
0.8208208208208209,0.7562389254683677,0.5980403231618077,-0.5466343319126173
0.8308308308308309,0.7722546342760006,1.6617865857604828,-1.0128631064064253
0.8408408408408409,0.8780373344353314,0.8759060226885322,0.5184572151313833
0.8508508508508509,0.9494670633037765,1.2466788308691725,0.02307282693090318
0.8608608608608609,1.0338926733045264,1.7511524757743984,0.5358403034164703
0.8708708708708709,0.8255100017076544,1.0608022658602616,0.6744106356877088
0.8808808808808809,0.5121985463886882,0.23358581578898022,0.20257583954698138
0.8908908908908909,0.33360786378530755,-0.08906771514612796,1.4442551480505683
0.9009009009009009,-0.018591103148313012,-0.030208826361428416,0.233096953598739
0.9109109109109109,-0.23923874548892538,-0.060675976380482555,-0.09572375685355161
0.9209209209209209,-0.6811474579331588,-0.09999599835200823,-0.11317643331070193
0.9309309309309309,-0.85862519562332,-1.0033443388042933,-1.7369254751881584
0.9409409409409409,-0.9989852096664048,-0.8658429737092637,-0.128484964416974
0.950950950950951,-1.1459052700349759,-1.0041473226552053,-1.060165204450132
0.960960960960961,-0.9116834778230466,-0.6075710561453918,-0.4049110117365342
0.970970970970971,-0.764608111697105,-1.6443298401659014,-1.6481994253472183
0.980980980980981,-0.5620661125541918,-0.30925449601615296,-1.8055844710312896
0.990990990990991,-0.3027215966303466,-0.37761119521861547,0.3750488431271911
1.001001001001001,-0.11009488328592001,0.5680846549030374,0.33256981179713474
1.011011011011011,0.2969988382181393,-0.814300642525381,-0.3825778729913331
1.021021021021021,0.5791572826139868,1.8014472353436677,-0.08230173075309177
1.031031031031031,0.7474004116805704,0.5516179779364107,1.7279759661345477
1.0410410410410411,0.9445240312557205,1.24395827249037,0.009123088128459078
1.0510510510510511,1.0398599835105233,0.5190105209169911,2.3135932604338403
1.0610610610610611,1.1288478308308123,1.541725031094927,0.21973265299146427
1.0710710710710711,0.8062423487158165,0.4042492526229393,1.299498107919339
1.0810810810810811,0.5857298252098739,0.04050864509643343,0.29708000553840985
1.0910910910910911,0.2687972928024543,0.9632893461554706,0.7587918292449455
1.1011011011011012,-0.22646233434172414,-0.08854821180169403,-0.4698764145031741
1.1111111111111112,-0.34467153087059216,0.062138619167853765,-0.47225446818350586
1.1211211211211212,-0.6098862325730776,-0.040367227323006016,-0.5831739132506034
1.1311311311311312,-0.5830649002765541,-0.7904879309535471,-1.6311390761502609
1.1411411411411412,-0.9807574067252376,-1.1554518704580317,-0.3688618339110247
1.1511511511511512,-0.9691914022286198,-0.7736194559084829,-1.4099169896392492
1.1611611611611612,-0.942624854590293,0.558318242033587,-1.1220336098917836
1.1711711711711712,-0.9037154991335454,-0.6768187969981916,-1.5823271950584021
1.1811811811811812,-0.4430842948101377,-0.6671066539344376,-2.607233503297888
1.1911911911911912,-0.19802485033978667,-0.01619211954396521,-0.4260403636885993
1.2012012012012012,0.11683108738302286,0.6356033057018923,1.9678202299690508
1.2112112112112112,0.2540347883151168,1.234562915090729,0.9726569641130098
1.2212212212212212,0.7586631130098247,1.0749117337345315,0.6029753781286991
1.2312312312312312,0.6909567760364647,0.04800830580666646,0.6208292189490786
1.2412412412412412,1.02106621861666,1.5116445735776947,0.9803532234862701
1.2512512512512513,1.2182730547770777,0.47303172492529905,1.4369227843362478
1.2612612612612613,0.8390151943830985,1.3857591775977365,-0.006581425350908554
1.2712712712712713,0.7282732689261306,0.5432472757898029,1.6763603976215056
1.2812812812812813,0.5647179908928802,0.3097194133992904,1.1270579067371114
1.2912912912912913,0.2198441554721621,0.1679812660398156,0.8447403014501296
1.3013013013013013,-0.19593654254732415,0.16864796193395312,0.309910391607071
1.3113113113113113,-0.3410672152136797,0.15969614835239032,-0.33223018653909053
1.3213213213213213,-0.7270823662158521,0.3197996573916074,-0.08256300606978562
1.3313313313313313,-0.7855271905772535,-0.8204082738118852,-0.3594351266476692
1.3413413413413413,-1.055172614317292,-1.3510295810581971,-1.2464627596467308
1.3513513513513513,-0.844105525702928,-0.4663551359639546,-1.4579803845222026
1.3613613613613613,-1.0153000285010638,-0.045305240087985865,-0.8554896630578508
1.3713713713713713,-0.8151567778290305,-1.2646499498965735,0.45626549498768687
1.3813813813813813,-0.47078192461610374,-0.4690388488887027,-1.5434193068761914
1.3913913913913913,-0.39024904777791836,-0.18141621879646042,-1.441182828736475
1.4014014014014013,0.06675809548279221,-0.052210716682058844,0.17582077501159266
1.4114114114114114,0.48158432627957026,1.3359208570779662,0.3915802123361419
1.4214214214214214,0.4625658444820906,0.6786942987682733,0.7619874994345399
1.4314314314314314,0.8530861341010451,0.6804980197651371,1.029785306574615
1.4414414414414414,0.9900586262409916,0.6135860359292823,0.7855085431083051
1.4514514514514514,1.077142846936559,1.0611656243113488,2.1908513106404937
1.4614614614614614,0.8121762344660065,0.685182590185428,-0.34485187722739774
1.4714714714714714,0.6489448063374909,0.1896711325674708,0.11819284782172168
1.4814814814814814,0.6017031346324978,1.1285494172113815,0.4669051699515701
1.4914914914914914,0.29382933663992805,-0.42239618741250234,-1.0504201796067245
1.5015015015015014,-0.022104284317713913,-0.4865797480677089,-0.18783709289795852
1.5115115115115114,-0.3191682981766365,-1.132819685631748,0.9753630134560807
1.5215215215215214,-0.6937726490096503,-0.8182518538795857,-0.6090609862150318
1.5315315315315314,-0.8131254392496721,-1.7173983035000198,-0.6517900843908256
1.5415415415415414,-0.9355937213648691,-0.4060273496003756,-1.9730327808328014
1.5515515515515514,-1.0702474160299065,-0.43578150418489336,-1.4919014006588518
1.5615615615615615,-0.7481812055526762,-0.9809174525139038,-1.2349157609263015
1.5715715715715715,-0.7316392934923145,0.4724825807506047,-1.0331946629884805
1.5815815815815815,-0.6660092252138956,-0.2767805522430613,0.4784361605093843
1.5915915915915915,-0.19544114954871006,-0.6847233722159454,0.1850563381680066
1.6016016016016015,-0.047173596659371736,-1.1394361315059915,-0.8388717951862652
1.6116116116116117,0.4354611487884774,1.8003564531112304,0.5539565111598361
1.6216216216216217,0.7440795551963824,0.057004138387042214,1.02679739609307
1.6316316316316317,0.7560023668700547,-0.2066862837838021,1.7501898295222391
1.6416416416416417,1.0620596612397863,1.2167292180198928,2.230154597570053
1.6516516516516517,1.0399322037701062,2.280350027669605,0.18657875761416132
1.6616616616616617,1.015842779610294,1.9241099595926878,0.28495075464257436
1.6716716716716717,0.9667262977476819,1.1808501566748062,-0.22901528764940593
1.6816816816816818,0.5197045530312908,0.618298721697694,0.3570274773459927
1.6916916916916918,0.18268595299310086,0.4254327221810445,0.6311462689859175
1.7017017017017018,-0.1423865169556094,0.38969404675507746,0.7364325392782245
1.7117117117117118,-0.4412697581410784,0.0794362759752329,-0.42044954855855277
1.7217217217217218,-0.6383737759839659,-0.458441053216274,-0.8865416236464306
1.7317317317317318,-0.8056669029768737,-1.095655948908794,-0.7183757066595458
1.7417417417417418,-0.9388644976250385,-1.6018968203731503,-1.634647898862059
1.7517517517517518,-0.9157677469669201,-1.0733161904305133,0.6731449054852964
1.7617617617617618,-0.9312054482919161,-1.480274053065348,-2.218634459174154
1.7717717717717718,-0.6297103211638697,-0.7058428914521446,-0.6272712657630218
1.7817817817817818,-0.5680681548719859,-1.261721896673035,1.0772825038355212
1.7917917917917918,0.016996840258650225,-1.064231784264904,-0.24958020075231344
1.8018018018018018,0.1191417839602909,0.21386954735179886,-0.09545617881740531
1.8118118118118118,0.2769054581400359,1.3575012301635299,0.07666487553332241
1.8218218218218218,0.526011726120707,1.2089138975053952,0.488787630516892
1.8318318318318318,0.8897325388243662,-0.17082653011303472,1.9397640770412719
1.8418418418418419,0.9449892698647058,0.21607851272004525,-0.8021539806663146
1.8518518518518519,1.0697082076804776,1.537878513488109,2.2250551193083288
1.8618618618618619,0.9786890519172087,0.7391575247378097,-0.20780043250026192
1.8718718718718719,0.7657899021230313,0.7756701901711578,0.5597509300011867
1.8818818818818819,0.4542768505533775,0.5856920741739953,0.19556068612128852
1.8918918918918919,0.10049333891654155,-0.4876529073666848,0.7228206772017038
1.901901901901902,-0.10436596008990824,0.06399265127727335,-1.3382139463902043
1.911911911911912,-0.2799102323928675,-0.7333816974724676,0.004188021040339551
1.921921921921922,-0.6141227114313593,-0.8230471285291494,0.9839156127851024
1.931931931931932,-0.9677540502574178,-0.9127990445523126,-1.9337193760604676
1.941941941941942,-0.9508098603170008,-2.019089229641794,-0.8163630188138025
1.951951951951952,-0.9595886340652627,-0.705031847444372,-1.5277061142754338
1.961961961961962,-1.0186014744487184,-0.6407200735330674,-0.5895059658741764
1.971971971971972,-0.7557017021041739,-0.3834101253478792,-0.755755990766125
1.981981981981982,-0.5304837713927856,-0.6550679781773471,-1.0494941704728333
1.991991991991992,-0.3632305842499584,0.1796766478332777,0.14136427342996308
2.002002002002002,0.09863202607931193,0.20014560770850665,4.5063317778738785
2.012012012012012,0.4245538474470741,0.45320873585906807,3.215752361428412
2.022022022022022,0.7462620350706395,0.8087706958168195,4.213763264471657
2.032032032032032,0.9502469141593114,0.884593885457395,2.8102483426588902
2.042042042042042,0.8311438464404419,0.7408952292089916,3.203761681781744
2.052052052052052,0.9041402110367307,1.0947245835502823,4.3758477373325455
2.062062062062062,0.9805604996752275,0.8776069506121409,5.116349795783133
2.0720720720720722,0.8204466016655361,0.5455241666921989,4.053558685602843
2.0820820820820822,0.5851525290327256,-0.4007689753424138,3.2832013359835974
2.0920920920920922,0.6311597348193216,0.8692537777357517,3.2453197100925326
2.1021021021021022,-0.008902442557303748,-0.6095941581986366,1.9336823191976056
2.1121121121121122,-0.25784046978950736,-0.4182059504373402,3.1122152272767263
2.1221221221221223,-0.5449752503237042,-0.8934351237197196,3.065491023185703
2.1321321321321323,-0.7814057651994792,-0.6333798421516117,1.7917828434034766
2.1421421421421423,-1.0012109561217215,-1.3675456952780483,1.6542822501347119
2.1521521521521523,-0.921818267146935,-0.2936953680190436,2.214987394525377
2.1621621621621623,-1.0051715487502684,-0.9649046495570412,1.7227351838710123
2.1721721721721723,-0.7907360555295946,-0.5231800599354165,2.1800397134437484
2.1821821821821823,-0.5795219549122246,-1.1841300393251195,4.148791831203898
2.1921921921921923,-0.2346497714399489,0.5803948138134091,2.5595422540246213
2.2022022022022023,0.3005949012621407,-0.4427047188374206,2.782456922977812
2.2122122122122123,0.18758848066484823,0.8290291959761312,2.8562815554158956
2.2222222222222223,0.7114136287239934,1.0622820931502879,4.238141186886491
2.2322322322322323,0.6869431127938386,0.8184788784087615,3.7032353613383213
2.2422422422422423,0.9232545039408542,0.6295154195001252,3.4509492598626568
2.2522522522522523,1.1063928562912362,1.0163663117156367,5.054541022412909
2.2622622622622623,0.9331399073148312,1.248483773961369,5.062394309016195
2.2722722722722724,0.65725831966496,0.7923627700063121,3.2846939448669263
2.2822822822822824,0.4567878178200559,0.7724672799210035,2.0350862276575596
2.2922922922922924,0.3077451583912061,1.097822387462403,4.045796335367276
2.3023023023023024,-0.14530257509229724,-0.2654228346022894,2.380030227471413
2.3123123123123124,-0.35558340534456845,-0.7622141918111883,3.2552712150274488
2.3223223223223224,-0.640636251948308,-0.5902825449940599,0.7787235098918419
2.3323323323323324,-0.9150361559512649,0.20104238978500183,2.8642017494487644
2.3423423423423424,-0.7568073433378423,-1.6191898087873713,1.0598607043050001
2.3523523523523524,-0.9338786371410321,-0.09031644766814437,2.5873407558803865
2.3623623623623624,-1.1280398775874365,0.21327991620403486,2.0858928353474715
2.3723723723723724,-0.7443584028945817,-0.9425290165802156,1.4738446301111596
2.3823823823823824,-0.5918241991081562,-0.48122640983489207,2.148725397027258
2.3923923923923924,-0.15148787681205464,0.33239979011472237,3.3123235552736836
2.4024024024024024,-0.0038500092608665243,-0.024962854911186036,3.160117627074591
2.4124124124124124,0.36866615397690783,0.5783314465325049,3.8476701825015853
2.4224224224224224,0.6980916095354399,0.4522345391307647,5.228745349249783
2.4324324324324325,0.9381046571503231,0.10295163327679585,2.60013584836447
2.4424424424424425,0.8519165687466558,0.4033332813521089,5.2657162694271324
2.4524524524524525,0.9635832961945955,0.4760619709399473,4.08051816979726
2.4624624624624625,0.876835648461214,1.241368576049637,3.205302940918807
2.4724724724724725,0.6956344024042993,0.4696722234018012,2.6967164250704787
2.4824824824824825,0.6995131422439165,0.39754433388904215,3.37167140559418
2.4924924924924925,0.2741728670603538,-0.7871444761397828,3.9709947855038257
2.5025025025025025,-0.20462586699916735,0.1796974629582186,2.81942323213231
2.5125125125125125,-0.291260377897683,0.3337175373498809,3.8258773715947174
2.5225225225225225,-0.43777030335237677,-1.554956538457323,1.1890735249051128
2.5325325325325325,-0.749927207138273,-0.9095694042084548,2.1371551085297686
2.5425425425425425,-1.1246180512985593,-0.6006054935538199,1.0254041897663468
2.5525525525525525,-1.045209847443659,-1.5070196679299825,2.2941190659429402
2.5625625625625625,-0.7964344842756492,0.21315132298486428,2.786384312883529
2.5725725725725725,-0.8296902380299663,-0.45931452350154195,1.9044672735870691
2.5825825825825826,-0.47590276916695584,-1.117312582306662,0.39634420271671367
2.5925925925925926,-0.15315246539950705,-0.49913736739780734,2.928542646694755
2.6026026026026026,-0.011020945294603054,0.45721156122930795,3.431062943250013
2.6126126126126126,0.3799970233891466,0.7239222162315571,3.7093853629646847
2.6226226226226226,0.3282458025148812,1.0100482893407614,4.640998289979512
2.6326326326326326,0.7523711271734949,0.1488628384574951,2.9979669475876847
2.6426426426426426,0.9481494656166857,0.8185812311717153,4.517579165116361
2.6526526526526526,0.8717512847538521,0.3878332667551719,4.9505356129327165
2.6626626626626626,1.0851530200783912,1.1662361872900555,2.499041822480014
2.6726726726726726,0.6138576142089335,0.39141068835427717,4.012593212740178
2.6826826826826826,0.47359211179218724,-0.09685726531263472,3.1142526956557486
2.6926926926926926,0.24062882260470064,0.6072368613075703,3.162336626394775
2.7027027027027026,0.05932140443111256,0.5607910742442412,3.19333526235517
2.7127127127127126,-0.5324349437093212,0.21561316216088067,2.2213684201177806
2.7227227227227226,-0.53843632322423,-1.11622474463381,1.8046808382309845
2.7327327327327327,-0.8554142897913806,-1.2623995150297944,2.1708843380970806
2.7427427427427427,-1.0722727455435317,-0.6047871221236726,1.1560813684710214
2.7527527527527527,-0.9500525632722272,-0.8236854427301998,1.1350769861932972
2.7627627627627627,-0.9007830934955164,0.5388121762867045,2.622809563312339
2.7727727727727727,-0.8148344152766799,-0.4752812425498896,1.3261520443122747
2.7827827827827827,-0.5079230817418133,-0.6676954654533223,3.0181467104865543
2.7927927927927927,-0.2630227683237525,-0.6151039493503072,3.1455816256455846
2.8028028028028027,0.09929064293618127,0.25820142094056936,1.707293525378579
2.8128128128128127,0.4579571201724968,0.6152773821889442,2.849692330851868
2.8228228228228227,0.8157280668837188,1.092238239878621,4.612413907707081
2.8328328328328327,0.7342752809729989,1.0865420591607489,3.0731244059439384
2.8428428428428427,1.1881311841401592,0.3469479285580125,3.603304436827022
2.8528528528528527,0.8007775860868549,0.4356309045156049,4.365635080640622
2.8628628628628627,0.9042786218866509,0.30104261276620975,4.546169538816286
2.8728728728728727,0.8115779591464198,1.0859811627492286,3.5515151296623655
2.8828828828828827,0.5403041147266278,-0.2903836178235374,3.0341967721998113
2.8928928928928928,0.15915588033951222,-1.0887262398297268,4.359321721680378
2.9029029029029028,-0.11188324772235479,0.21024408610310905,4.300048708351436
2.9129129129129128,-0.4439355962153108,1.1514604892899056,3.388450937876009
2.9229229229229228,-0.7184300492303055,-0.5851111584771581,2.4087609405161348
2.932932932932933,-0.7747073704786417,-0.6923568230924838,1.4937198425065148
2.942942942942943,-0.9398226238853334,-1.1671286118719384,1.3601203022729096
2.952952952952953,-1.0649909312329033,-0.9363584341679135,2.422311312505768
2.962962962962963,-0.8282561193369506,-0.15918541790501067,2.416502469830671
2.972972972972973,-0.7199423531650672,-0.8202161589315098,3.3706065691044156
2.982982982982983,-0.42821528839998263,-0.6287593949637897,3.0108585737450326
2.992992992992993,-0.15539518205229141,-0.28883142695626884,1.5791776923474927
3.003003003003003,0.011302735235410866,-0.12930037205084044,0.935760330505953
3.013013013013013,0.34150494606420767,1.1929210393606398,-0.40092545176762573
3.023023023023023,0.7365836003421867,0.648140337208323,0.35467722226797926
3.033033033033033,0.9223068544825717,0.22943378109379153,1.0614299929405808
3.043043043043043,0.9741206915780124,1.0143495143029402,2.5727448428015984
3.053053053053053,1.0071364688648918,0.6584642396156867,3.4833385753383026
3.063063063063063,1.0447324913748612,1.2303059194589339,1.402344449104965
3.073073073073073,0.6894338094514173,0.815967065062236,0.60203365335869
3.083083083083083,0.5615027720852893,0.7947779805268782,0.9343975527527257
3.093093093093093,0.1950688755017167,0.22373610687361178,0.9254124814441751
3.103103103103103,-0.11910063869100773,0.004195941696202493,-0.3538666188140391
3.113113113113113,-0.29052898096908153,0.3075865093659504,1.0357624185620573
3.123123123123123,-0.5816667259068077,0.1009978224923271,-0.48015175345248895
3.133133133133133,-0.7815125946858644,-0.8399105250680117,-0.4646690870128129
3.143143143143143,-0.8463399946460584,-1.1993885528802326,-0.4441484737179221
3.153153153153153,-0.9929972612869907,-1.5352308939267558,-0.6578283569587021
3.163163163163163,-0.8475115313706759,-1.1493047791527566,-0.24455442812448247
3.173173173173173,-0.7775288639874036,-0.8308481110425567,-1.2403047375655967
3.183183183183183,-0.4716629205424888,-1.0657669356389723,-0.9507209589481574
3.193193193193193,-0.22523039161928685,-0.5321455559434896,-1.0923394725598743
3.203203203203203,0.11016143435142825,0.24631001611681644,0.4520628223483376
3.2132132132132134,0.4628020250276742,0.9669286094740793,1.026435525293674
3.2232232232232234,0.5847338448590255,0.6977342738492938,1.0327742061038814
3.2332332332332334,1.0736874830284109,0.8497993033187423,2.2040427021378948
3.2432432432432434,0.876953500797716,0.7845907547769283,0.9730784238844489
3.2532532532532534,0.8733628582038121,0.1263053513308216,1.5297750439565956
3.2632632632632634,1.0302496867951736,0.7433920216959935,0.04107789853371524
3.2732732732732734,0.823572315284715,0.736948710251145,0.43472628390890056
3.2832832832832834,0.5637730742928252,-0.3623453463187208,1.0577912986402316
3.2932932932932935,0.2719764838640006,0.285155641437255,0.8884236215320878
3.3033033033033035,-0.10481484111693877,0.7827711490848046,-0.3387637219635931
3.3133133133133135,-0.4958874277030621,0.5016534511389541,-0.4634413920409324
3.3233233233233235,-0.6613164179249715,-0.7128757293281853,-1.8831958710889918
3.3333333333333335,-0.9337415749356526,-0.38046995649480014,-1.1516487644297289
3.3433433433433435,-0.8807009617914344,-1.1265699690558328,-0.26590640431738055
3.3533533533533535,-1.0091616939054908,-1.040288848732069,-0.5342919428700239
3.3633633633633635,-0.9957110468522332,-0.9216265516964703,-0.5126287500680142
3.3733733733733735,-0.7744411259109075,-0.8326411493816461,-0.7024835920008401
3.3833833833833835,-0.4573445258134282,-0.9534719779922052,-0.4929871443384495
3.3933933933933935,-0.26243816669208997,-0.34227965971365026,-0.7343226229904501
3.4034034034034035,0.024495425814715005,0.3114338902279117,0.665780201533386
3.4134134134134135,0.4334023630899357,0.7085825532327951,0.7458119974522563
3.4234234234234235,0.695727876451773,0.9487477866543903,1.0648462977351403
3.4334334334334335,0.8168991701304865,1.2012427656549263,0.44676561353353517
3.4434434434434436,0.9317571268520284,1.2334934275515008,-0.7438133784831349
3.4534534534534536,1.0173253512257034,0.3778152272457467,1.8718425268928964
3.4634634634634636,0.7670665901653037,-0.06728163707088441,0.5288050595083127
3.4734734734734736,0.5994453192642928,1.2645480458315128,0.04997108546745177
3.4834834834834836,0.42406489655915264,-0.45012150072665363,1.0506924482155913
3.4934934934934936,0.18164273685557122,-0.12825367625623785,-0.11062265990854775
3.5035035035035036,-0.07875295498270418,-0.5670469408604487,0.7381053956947929
3.5135135135135136,-0.26436562654904094,-1.0153213364563436,0.08170351141736187
3.5235235235235236,-0.587792964566666,-0.3474845207434296,-0.12670346832648582
3.5335335335335336,-0.8851468445983425,-0.7530741050255081,-1.9619175605624273
3.5435435435435436,-0.9814009201713857,-1.4853180993725947,-0.009944111071996331
3.5535535535535536,-1.094027864469205,-2.1597384181738897,-0.7847745030183393
3.5635635635635636,-0.9124310171912747,-0.8863773437175713,-1.2060014149889984
3.5735735735735736,-0.766939395524354,-0.4886840275836723,-0.6233627577585392
3.5835835835835836,-0.4609042058656675,-1.4970273399194816,-1.9141642482181325
3.5935935935935936,-0.2826302795800401,-0.32448739101260826,0.1270150639597289
3.6036036036036037,0.16490352285318594,0.23657084997963773,-0.7105283351165885
3.6136136136136137,0.5680386724056602,1.001477806953307,-0.667371447569425
3.6236236236236237,0.6650039585169889,0.787300002399009,-0.5420073756116383
3.6336336336336337,0.9108750723750183,0.1188875948217169,1.7608546001570642
3.6436436436436437,1.0491423538932863,1.3634655285095794,0.4767172397679441
3.6536536536536537,0.953297623529228,1.0471058423975552,2.2204018386510107
3.6636636636636637,0.931684625994934,1.192421324954976,0.480634207372054
3.6736736736736737,0.7372073075622899,0.31908423391813867,-0.629938298590247
3.6836836836836837,0.5002055377713011,0.002639119998079864,-0.40278162404250945
3.6936936936936937,0.1195239630821567,-0.45920410117505295,1.1854742374732543
3.7037037037037037,-0.11364189669933719,-0.06792619002680297,-0.24081145647456548
3.7137137137137137,-0.36782438308192233,0.7347474450547462,-0.8562540493989481
3.7237237237237237,-0.5330799750351618,-1.3162364289440789,-0.5501797551324359
3.7337337337337337,-0.7763191154109649,-1.9460498982044272,-0.4708200090854495
3.7437437437437437,-0.7654286714688837,-0.45746049713918835,-0.08682786449807067
3.7537537537537538,-1.069789345429173,-0.9613932037828411,0.1657447947739732
3.7637637637637638,-0.82072999620748,-0.9462735411724686,-1.1957769765108164
3.7737737737737738,-0.7154811247028959,-0.1678180660098222,-1.7946534741423616
3.7837837837837838,-0.26871465049187226,-1.058380471126939,-0.8184670727122604
3.793793793793794,-0.2745705797724194,0.5083027018123529,0.014483654029404713
3.803803803803804,0.035243624518088254,0.5961800456253756,-0.6517913322323229
3.813813813813814,0.36054024872480445,0.47244445020507136,-0.3452412186468277
3.823823823823824,0.4681124189242649,1.8033356293740506,0.9555322965951539
3.833833833833834,0.8212043677446474,0.3022004913054831,0.8348579886563625
3.843843843843844,0.9054429145981877,1.1427881480524913,1.0075937770828267
3.853853853853854,1.0077190655311423,1.281999896624942,0.385883419123466
3.863863863863864,0.9408153603546107,1.8531150956165814,0.7223191914122808
3.873873873873874,0.9192924100232667,1.5547433240425796,-0.0077111893129654385
3.883883883883884,0.579989520536093,0.23139376441441134,1.1971058656173175
3.893893893893894,0.13296427946682549,-0.3943160319822438,1.0188541128120678
3.903903903903904,-0.2121789915132909,0.2489895598160062,-1.5992878141689302
3.913913913913914,-0.3741387389058811,-0.46691129900257344,-1.1669393442104599
3.923923923923924,-0.8148262378652504,0.3643343006021052,-1.8800263212352495
3.933933933933934,-0.6921590240923752,-1.0774155488002226,-1.3953240482033291
3.943943943943944,-0.8640117272253769,-1.3715160416470433,-1.0487061151297943
3.953953953953954,-1.0392125328652848,-0.7569522998884388,-2.1520111434136386
3.963963963963964,-1.0766219524916876,-1.283933929008735,-1.6427963500828504
3.973973973973974,-0.594140853705653,-1.1767619217929497,-1.532693988787393
3.983983983983984,-0.49364851832731754,-0.1531780648684431,-0.31638067028290057
3.993993993993994,-0.06378502217850084,-0.721542920006688,-0.13209118374684667
4.004004004004004,-0.0339847356991374,-0.25333910102005275,-0.4519320124895033
4.014014014014014,0.36624011007706014,0.989090710425332,0.5676343100839558
4.024024024024024,0.6856214604556002,1.3146504251288158,0.24775302281396966
4.034034034034034,0.881519334609628,0.9643060017326202,0.6594971869723112
4.044044044044044,0.9375390397747034,1.27641883241896,2.3213072591614576
4.054054054054054,1.0541854284936267,0.7598113741182357,2.0642692766911552
4.064064064064064,0.7972062405237513,0.4872870252570979,-0.13569670608006745
4.074074074074074,0.7131356930709116,1.51286834178834,1.3911595758763806
4.084084084084084,0.4914667254599904,0.04531462952356097,1.1285544058820742
4.094094094094094,0.23592069020935788,-0.14370369343283598,-0.7341338241986117
4.104104104104104,-0.0574158074729883,0.6834725942125031,0.5264448197220113
4.114114114114114,-0.5414845632461205,0.1429444404523295,0.8013251806677087
4.124124124124124,-0.8407959057026776,-0.4264874891255698,-1.5854203336246466
4.134134134134134,-0.7505612963929206,-0.06939031342674251,-1.6123312353941825
4.1441441441441444,-0.949894316597746,-1.506254198788043,-0.16899654432090327
4.1541541541541545,-1.0663447472530394,-0.3779847281844636,-0.7742998449368657
4.1641641641641645,-0.7475039301167801,-0.5806486846805285,-0.46143810747741376
4.1741741741741745,-0.7136445353311098,-0.5598388101790984,-0.45274062563999823
4.1841841841841845,-0.3587453310400433,0.013227583926289366,-0.16411831270391064
4.1941941941941945,-0.17463328773163944,-0.12743403168254938,-1.2425628385215168
4.2042042042042045,0.33777008132382225,0.5520671950978373,0.9695494541327823
4.2142142142142145,0.6073929372576169,1.2611788842766456,1.3675308469555154
4.2242242242242245,0.6647686741303532,0.536388479717311,0.5061524937238384
4.2342342342342345,0.9769850909118636,0.18513336160812216,0.845046435965338
4.2442442442442445,1.0482337211381243,0.262735257220129,-0.24118987586496832
4.2542542542542545,1.127945102422255,0.16075410206617655,1.402485751483288
4.2642642642642645,0.8047686994879365,2.222021862260661,1.3589069989172624
4.2742742742742745,0.7916483300613576,0.19876030800667188,0.6732903704620649
4.2842842842842845,0.5797506712754082,0.08744427138050526,1.3733909104868516
4.2942942942942945,0.00241772251567246,-0.15725289436724027,-0.08897011362596852
4.3043043043043046,-0.2531378312731529,0.17336235597020958,0.31687276070830483
4.314314314314315,-0.638616298930397,0.26541208924688514,-1.2504245521080792
4.324324324324325,-0.7188795524219943,-0.23626034745500032,-0.710780589676929
4.334334334334335,-0.8095640865302052,-1.4494305982998328,-1.0208017184320701
4.344344344344345,-0.8340211012237687,-1.2635294242831,-0.8040104688006182
4.354354354354355,-0.983248520527452,-0.6932826097307907,-1.2862795416361164
4.364364364364365,-0.7370324959661827,-0.7324352972041412,-1.0050721270606462
4.374374374374375,-0.8588773647460651,0.10636681055510527,-0.06002948177137091
4.384384384384385,-0.6414749530185223,-0.5029482871370794,-0.8205480988735807
4.394394394394395,-0.18075121314151948,-0.0020354147181564364,-1.4604581238428012
4.404404404404405,0.17633388286659493,0.6270616380957776,1.5375944613370007
4.414414414414415,0.43425353564750385,1.3156204648806857,1.5426862734093025
4.424424424424425,0.48746159613674134,0.8063963590687478,-0.339604349943766
4.434434434434435,0.8738879087733444,-0.043629632874889024,1.4345661569207788
4.444444444444445,0.854360802961724,0.991815445982575,0.5824279365711349
4.454454454454455,1.0571915083742014,0.8238414866340855,1.2010140257560453
4.464464464464465,0.9351779807295496,0.925115024742291,1.1338974593306597
4.474474474474475,0.6246961462357997,1.0316635823340627,0.5311578846154776
4.484484484484485,0.4169738445989879,0.8087849801631646,-0.15865199613646003
4.494494494494495,0.06617813057527115,-0.00865180209373384,-0.38033335908884125
4.504504504504505,-0.1473092416522384,0.1742665673457773,-0.8739948643099152
4.514514514514515,-0.3448343808844964,0.7011972452536341,-1.105806379518976
4.524524524524525,-0.7950384826827763,-0.558174948839975,-0.7502085100887061
4.534534534534535,-0.8338681314569928,0.13715918724346432,-1.4568807742973786
4.544544544544545,-1.0383747223048603,-0.8925244304298919,-0.4397073078975203
4.554554554554555,-1.0690679989500183,-1.7076813538372382,0.20001620854495805
4.564564564564565,-0.9078364119377711,-0.23050249212263563,-1.3611759690383498
4.574574574574575,-0.8200181557247237,-0.5098842088434751,-0.5249703230544847
4.584584584584585,-0.5209446623286799,-0.10079438383584044,-0.06583164355161453
4.594594594594595,-0.2887886095807399,-0.0208761438755741,0.20860099641356453
4.604604604604605,0.34062644435959044,0.23898960172414585,0.20491814540082143
4.614614614614615,0.44669621584129204,0.12049103310786047,1.037315795331897
4.624624624624625,0.6287465115531027,0.6083535045150507,1.084518224496887
4.634634634634635,0.9071348994699471,0.17971528962573524,-0.10439302946531348
4.644644644644645,0.9746476184783112,0.508624448163558,1.6812052749588127
4.654654654654655,0.9672304297001728,1.4492566857697096,1.6991600594668888
4.664664664664665,0.9571563936896031,2.0196610331291414,0.2851108403423954
4.674674674674675,0.7900474074317606,0.9238934611707498,0.7446469047851118
4.684684684684685,0.40974420820625856,-0.41656785611912484,1.0094575172161668
4.694694694694695,0.10831866250425996,0.20268671610391978,-0.0015505690947613116
4.704704704704705,-0.17477027433529005,0.6182606115811768,0.7111173335926838
4.714714714714715,-0.6761788421586197,-0.4624217847706091,1.4451112700104276
4.724724724724725,-0.8524844429874605,-0.7575983562605322,-1.3297541628755911
4.734734734734735,-0.7505048476641561,-1.1619169492569419,-1.9920279569316284
4.744744744744745,-0.8219053653455877,-1.562879913516826,-0.7433472602118155
4.754754754754755,-1.0137678837190722,-0.4959508253759655,-0.4116142756625195
4.764764764764765,-0.8366815168254471,-0.6668789691289603,-1.079030312206839
4.774774774774775,-0.6809672699766672,-0.49383640605257945,0.4505162452258066
4.784784784784785,-0.15211625655308214,-1.1864561647599539,-1.530888977177205
4.794794794794795,-0.05084102102163193,-0.5640625186250553,0.3915363862601993
4.804804804804805,0.13758306266586395,0.6818953265562424,-0.3343138347931741
4.814814814814815,0.3532451361404223,0.549779457849227,1.8243015051663023
4.824824824824825,0.5425600470549282,1.5732900198752535,2.29721696161518
4.834834834834835,0.9089852302390786,0.40548925223080595,0.275313596425678
4.844844844844845,0.9112790205247298,0.9182225862100757,0.5472683863262959
4.854854854854855,0.8461660196737054,1.6265664829626234,1.6760617002173144
4.864864864864865,0.8282685697253163,0.47059301210482885,0.5832213383179572
4.874874874874875,0.6017260919329906,-0.16580660197884278,0.6735519179486396
4.884884884884885,0.6259239661863383,-0.58956445152642,0.47752053911301
4.894894894894895,0.24785890348249842,0.6114612535838625,-1.3760435971705718
4.904904904904905,-0.1542803160278732,-0.25598939699232837,-0.16455324877160127
4.914914914914915,-0.3036127824878873,1.113784286575863,-1.003389415628229
4.924924924924925,-0.6977002363811866,-0.9847306448068657,-1.0999353250657662
4.934934934934935,-0.9762050909547287,-1.0823504592913196,0.26482893195314894
4.944944944944945,-0.8351038857298217,-0.3943717957241438,-1.9926218088801928
4.954954954954955,-0.9340177225717136,0.190096636301255,-0.3373445775417976
4.964964964964965,-0.9952302881309341,0.42496845048524967,-1.1146760169637353
4.974974974974975,-0.726696346694873,-0.10253594392760688,-0.9314706136831797
4.984984984984985,-0.5419725717833637,-0.22752101072918585,0.17788677039648115
4.994994994994995,-0.294869737225004,-0.03681447908823271,0.115451271526542
5.005005005005005,0.24920751888170833,0.7222584917720913,0.613080161904169
5.015015015015015,0.6453524104918775,0.4639594154706367,1.2289584748711535
5.025025025025025,0.5678057215045794,0.2976196175130376,0.4426157723398354
5.035035035035035,0.9478025963673335,0.6040961091274709,0.40171628509207613
5.045045045045045,0.9228444700279926,0.7278574965158123,0.11978830569393673
5.055055055055055,0.9387037550803221,0.9388127473444228,0.32708786947362756
5.065065065065065,0.8308372783980276,1.5228198346182178,3.249352211068895
5.075075075075075,0.6190379901779857,1.1802594497634773,1.7011807317353966
5.085085085085085,0.45645935917139624,0.20951879940421997,-0.6292522965895035
5.095095095095095,0.07038804025510575,0.718825364573736,-0.9044833134986465
5.105105105105105,-0.13264924520957144,-0.5510137589370241,0.2257979215872379
5.115115115115115,-0.4622336136239973,-0.27009343539848885,-0.019397964776709964
5.125125125125125,-0.7337756969810726,-1.0730089643129515,-0.27077382404054007
5.135135135135135,-0.9836822243537298,-2.1130441871078762,-1.0968904929925283
5.145145145145145,-1.0460685236903062,-1.2016114099474262,-1.0887547986357933
5.155155155155155,-0.9113749724705842,-0.8667539775257723,-0.7246104757256738
5.165165165165165,-0.8385471478899174,0.15141752658295843,-0.8199244616176912
5.175175175175175,-0.8009602035605392,-0.3944022519811633,-2.4786449772787122
5.185185185185185,-0.43886594965754055,-1.248289446059712,-0.6326388846606182
5.195195195195195,-0.07523610947675975,0.6063416355247412,-0.8314999692221896
5.205205205205205,-0.004142015947045635,0.9558502162260304,0.3029676472919012
5.215215215215215,0.5143403566366012,1.0337589275932126,2.848211539481336
5.225225225225225,0.6458299095364377,0.5903605785811764,1.0060776178104658
5.235235235235235,0.9513970799903406,0.1266852764633299,0.6435134641931064
5.245245245245245,0.912538364109183,0.6339876542623708,1.7263054813452365
5.255255255255255,0.8059139266292638,1.7148050668278003,1.3725524464630858
5.265265265265265,0.7244380306202913,2.111554199588843,1.2232678667700807
5.275275275275275,0.7057738314337421,1.462211537060164,1.1864458113401408
5.285285285285285,0.471958975857233,-0.08689437828218666,2.091221577548718
5.295295295295295,0.05683344210971096,-0.5797535849028571,-0.7574456436405808
5.305305305305305,-0.10204124069096449,0.09005774146175369,0.21300517488046172
5.315315315315315,-0.6289463291941838,-1.0655933576798586,-1.2038992269525186
5.325325325325325,-0.7209046162917433,-0.5649738391668183,-0.26988651935321306
5.335335335335335,-1.0168413436614945,-1.2585100741027526,-1.6306889328741243
5.345345345345345,-1.0545110004337073,-1.3879857344935487,-1.3232208405375587
5.355355355355355,-0.9811405563157571,-1.5962377066993463,-1.2219523548377236
5.365365365365365,-0.9717782449249324,-0.3481754634455282,-0.10508353292076988
5.375375375375375,-0.7371746167753628,-0.9792155529890062,0.036044492801550865
5.385385385385385,-0.34254057972269875,-1.3175985691077028,-1.4397437618012505
5.395395395395395,-0.20184311802029253,-1.74434870035691,-0.10020664226809868
5.405405405405405,0.2525700315283431,0.3437093669851844,-0.3986630634775091
5.415415415415415,0.3526090463281764,1.6317965592120733,-0.5412241967463294
5.425425425425425,0.769474341274296,1.531093008558812,0.5428802831432714
5.435435435435435,1.0412902380080937,0.37862517438176246,0.6503471451776479
5.445445445445445,0.7426162657110511,0.5261939440784087,2.931153904800198
5.455455455455455,0.9056594349205731,1.409666381283156,1.3317168207561778
5.465465465465465,0.9419799957268437,0.6644896502526114,-0.21782121759460027
5.475475475475475,0.6761613394449213,0.8294474884939884,0.2446466747124667
5.485485485485485,0.4774632002717494,0.5329503662563276,1.2574552492781372
5.495495495495495,0.08064281325333725,0.5936165508958584,1.8117955502208594
5.505505505505505,-0.16344050401687824,-0.030789447778211826,-1.440886132554535
5.515515515515515,-0.48392825987186694,-0.29148031953483233,-1.9723000444438952
5.525525525525525,-0.6019059187025558,-1.1774728663348002,0.7780880154288893
5.535535535535535,-0.8730760717897443,-1.602863542637101,-0.5868268142231425
5.545545545545545,-0.9564639872836775,-1.2627593794807617,-1.6848584389922912
5.555555555555555,-1.0259954496244557,-0.6082887166981629,-0.5571044841142606
5.565565565565565,-0.9315605351318718,-0.14799402798640948,-2.9913981039381246
5.575575575575575,-0.7374616249226897,-1.117475055057068,-0.6915054008629989
5.585585585585585,-0.3980777962190817,0.01746074834173883,-0.17526607218244317
5.595595595595595,-0.18002578605468855,-0.43118280428335176,0.6014887736576016
5.605605605605605,0.20417392894150083,0.3587906605688509,-0.6359203185821707
5.615615615615615,0.6786767889475525,0.37482992338229415,0.5396864382056957
5.625625625625625,0.8079796892677465,-0.5148141526815808,-0.01947248192309259
5.635635635635635,0.8672916973065287,1.050112432292893,1.1042010550627663
5.645645645645645,1.1107793907858243,1.2029945335211594,0.2743809406790104
5.655655655655655,0.943449269131216,1.039304788830789,0.6577761351051946
5.665665665665665,0.6775058585920285,1.1913872376278243,0.0846659962776306
5.675675675675675,0.5911302378858172,0.9244667004869735,1.2128478624364831
5.685685685685685,0.24761388905182505,-0.6388164114204771,1.121453974479743
5.6956956956956954,0.09966063160247074,-0.2841853457388076,-0.052884475959329436
5.7057057057057055,-0.17644983323900268,0.4159785842336956,-0.14770127518993517
5.7157157157157155,-0.3062644913628978,-0.8252157947579801,-1.6327813542972613
5.7257257257257255,-0.6903504466850792,-0.603585524784149,-0.9627845024669252
5.7357357357357355,-0.923171098426822,-1.8722091996021841,-0.9414247391793313
5.7457457457457455,-0.9081413885506677,-0.9107174055374381,1.1055525261549637
5.7557557557557555,-1.2048096570804028,-0.8029605953794162,-1.8732697467989454
5.7657657657657655,-0.856266540005584,-1.4123041032303798,0.29151379518550935
5.7757757757757755,-0.612578569589583,-0.13649516726015545,0.10782192979436667
5.7857857857857855,-0.5797174775913045,-1.0922210040207863,-0.20734972942121122
5.7957957957957955,-0.01731988451495682,-0.6880453740802649,1.2752010985204572
5.8058058058058055,0.21523477662206575,0.48163650844278294,0.47906951395811465
5.8158158158158155,0.43514625805632257,1.3253253039943238,0.7880024059807458
5.8258258258258255,0.7884901853710059,0.18622404012154176,0.6827154763463412
5.8358358358358355,1.1296884134494607,0.6399951720530517,1.881474233603923
5.8458458458458455,1.0096827191032303,1.0563130423903377,1.8686714806460878
5.8558558558558556,1.0079477764257385,1.5310478872295448,0.48258388779873496
5.865865865865866,0.8323928886287462,1.2401122635158952,-0.17706877709624336
5.875875875875876,0.6024000516826348,0.47091745562470866,0.5249999787125883
5.885885885885886,0.5120539357167563,-0.2786245460763617,-0.21101049745578554
5.895895895895896,0.04296891269098861,0.02369641823521343,0.07775763558959126
5.905905905905906,-0.17732018308154565,-0.5177823207874913,0.8054737009438265
5.915915915915916,-0.5272029069653139,-1.667329790691935,-0.8452784863582343
5.925925925925926,-0.6794756589984032,-0.5439216137317665,-0.7616323466223023
5.935935935935936,-0.8706020729333167,-0.7462249380849233,-0.8575500956152954
5.945945945945946,-0.8881464408330855,-2.3196751361738963,-0.31315572949464765
5.955955955955956,-1.0335472268081047,-1.2832603418710338,-2.7800570541103142
5.965965965965966,-0.9038087687624968,-0.29525221589748746,-1.3621815110453972
5.975975975975976,-0.7829734620620216,0.30694938705853775,-0.5160701366602127
5.985985985985986,-0.4706069383800597,-0.7103674803239932,0.5338855527690405
5.995995995995996,-0.08772798087582623,-0.6341178609355093,-0.5189799881852756
6.006006006006006,0.2632655150403562,0.3016475599685209,-1.3136755114576781
6.016016016016016,0.38997800138427,1.4408232284147386,0.9779636905749416
6.026026026026026,0.8164886831327421,0.36797281297536943,0.22123818006167262
6.036036036036036,1.0408722854630836,0.21077478091875462,-0.046424827689700576
6.046046046046046,1.0336384579771813,0.6079206917298458,0.4928186558842319
6.056056056056056,1.1696353205533172,0.712190961861615,0.8343354531728311
6.066066066066066,0.7979259807674661,1.2070183723390158,0.3915091690472532
6.076076076076076,0.5583374468320638,1.4546985523960372,-1.08164992851605
6.086086086086086,0.24545863116612787,0.2895932506845646,1.1409836135662617
6.096096096096096,0.27194195552739964,-0.14518023940959351,1.1422375574014592
6.106106106106106,-0.12521807939763407,-0.1282985376486169,0.3305629480385648
6.116116116116116,-0.49050560380851044,-0.9969870942298195,-1.3950956730573183
6.126126126126126,-0.7036784634696781,-0.33243283710552435,-0.8928685532596745
6.136136136136136,-1.019188667506715,-1.2411630494235577,-0.9118568149604439
6.146146146146146,-0.748104488921834,-1.222593563217047,-0.5136441752339884
6.156156156156156,-0.9684340625560426,0.8248133218745499,-0.4466837897791006
6.166166166166166,-0.8628403904522539,-0.4556814986243074,-1.4611189089355399
6.176176176176176,-0.6079253289654062,-1.1005770477888728,-0.6149055462244271
6.186186186186186,-0.3723785900955723,-0.9295789523807232,-0.05465518957705068
6.196196196196196,-0.0968274063082931,0.3170057446425526,1.045442048981207
6.206206206206206,0.1146933056923331,0.46133736022992267,0.7573459830966428
6.216216216216216,0.5348417795272037,0.036433712099810056,1.1189402937140192
6.226226226226226,0.9220177749242262,1.1473848769954684,0.8008766276202116
6.236236236236236,1.0425040644950405,0.2776651290730106,2.036329376042346
6.246246246246246,1.1523732518043062,1.7933802533156662,1.3208648259079645
6.256256256256256,0.9296253495769232,1.7330696937433088,0.2918765890811853
6.266266266266266,0.7732857159936335,0.9156082514366936,1.9949421741196443
6.276276276276276,0.66561564380471,1.2707940383459804,1.2365169538458969
6.286286286286286,0.4231967034353479,0.15503455028014057,0.0631889953036926
6.296296296296296,0.2255120659723385,0.4078399976262002,-0.2675014597941511
6.306306306306306,-0.3660714044391733,0.25916915280884156,0.04043549464491811
6.316316316316316,-0.33748289597034586,-0.6474585730892544,-0.11989009170233944
6.326326326326326,-0.7517488573419915,-1.1074931296134185,-0.5781142549791274
6.336336336336336,-0.9519634848086233,-0.6910931859193457,-0.6602284390595733
6.346346346346346,-1.0946301082438252,-1.293758294964336,0.36654622894329614
6.356356356356356,-1.1456136219087574,-0.9670040092983595,-0.1228934329342718
6.366366366366366,-0.7883868417689457,-1.0829833549371695,-0.7181954271531177
6.376376376376376,-0.6685481766438538,-0.5157102853951901,0.07716849125129244
6.386386386386386,-0.5437608710795319,0.31943040246879006,-1.2407839039274582
6.396396396396396,-0.24247674863545662,-0.7779922316933268,0.20537276852835218
6.406406406406406,0.1663287152957691,0.4282770792385172,1.6473522650112702
6.416416416416417,0.6600782144284174,1.4636818332401322,0.31873934558557904
6.426426426426427,0.7121143964959809,0.6447653346620869,0.059966388737073495
6.436436436436437,0.7602654082802259,0.8394410177161973,0.38890859271758793
6.446446446446447,0.9692006215968298,0.33302050802799715,0.12206849813151355
6.456456456456457,0.9522269424063493,1.4112164476130604,0.35168977287895353
6.466466466466467,0.5994643273078416,1.039079552674555,0.5727465127299756
6.476476476476477,0.6681294402350854,1.1110808826857514,-0.4508946884560471
6.486486486486487,0.38880779522312653,0.7080241434487071,0.42439591540367677
6.496496496496497,0.17946434802384453,1.2767722488400761,0.8316654505718205
6.506506506506507,-0.018091842532223318,0.30568756191668356,-0.9291923961442942
6.516516516516517,-0.3832528157296098,-0.07041969018995586,0.7195178202290295
6.526526526526527,-0.7670805657574231,-0.7001959394231851,-0.33155802587986427
6.536536536536537,-1.022527615189198,-1.3862620767854303,-0.08741055581578505
6.546546546546547,-0.7367843771649523,-0.9510222897398648,-1.5203880005716481
6.556556556556557,-0.9729391140124143,-0.906417064900366,-0.2952407757605705
6.566566566566567,-0.8662005584763109,-0.5216891401269474,-1.741140607983856
6.576576576576577,-0.6736437280519103,-0.07147993397723038,0.04096678132829701
6.586586586586587,-0.3892251658639701,-1.2103308257959178,-0.27156217010593064
6.596596596596597,-0.12115350656376457,0.33879238086151775,0.3358835106164566
6.606606606606607,0.1486995107236847,1.0860453045713556,-0.734409973088173
6.616616616616617,0.4439517771169654,0.7003493052260559,-0.21741820258027916
6.626626626626627,0.7390272147240191,-0.3795211433667236,1.2200851163483268
6.636636636636637,0.8588188500596122,0.3110142263787889,0.15448292379362805
6.646646646646647,0.9231713774875623,1.5202431364536233,1.3650209894345773
6.656656656656657,0.9888559579023958,1.1894696665074571,-0.11549731003499053
6.666666666666667,0.8405276820423476,0.6261819087723028,1.5445647739177677
6.676676676676677,0.819296172602601,0.3537668332489416,-0.31712177807047515
6.686686686686687,0.141065009715163,0.5280374879619641,0.8480019406980828
6.696696696696697,0.2127408490244774,0.25597105118773544,0.6040949107490319
6.706706706706707,-0.08453341368781159,-0.10465732602400019,-0.7665593876812344
6.716716716716717,-0.7087001158284264,-0.42591423100917974,-0.0357398389198299
6.726726726726727,-0.7786748052964576,-1.0048715626338673,-0.536052235221578
6.736736736736737,-0.9515826860447466,-1.674264810854623,-1.345512084399358
6.746746746746747,-1.1355328889543679,-0.30635078977303454,-1.8016254667435523
6.756756756756757,-1.0553369077067734,-0.913513781977536,-2.5476557922857492
6.766766766766767,-0.9755063400064469,0.0020307790071065757,-0.584728717620109
6.776776776776777,-0.4913288688400089,0.027674363082385467,-1.9183981302720152
6.786786786786787,-0.30971848316923495,-0.2029267832217322,-0.32701096293093446
6.796796796796797,0.026693671647247258,-0.4337952100273127,-0.3112204107179679
6.806806806806807,0.2843832925868299,0.6405249496190496,0.7555303065330629
6.816816816816817,0.39117437866959953,0.7489130313638697,0.2624431561994311
6.826826826826827,0.6940501617000726,0.226384828500165,0.4829439592503768
6.836836836836837,0.964644284622959,0.7789275884758682,1.5012033919308037
6.846846846846847,0.8728848645610708,0.2897928821717599,1.2631440687175595
6.856856856856857,1.0481877183787327,1.7984045570326979,1.2298126411077166
6.866866866866867,0.838831018470121,0.8865070295947601,1.2382776301327556
6.876876876876877,0.62672628005066,0.6946857799527726,-0.564249337760065
6.886886886886887,0.4715026629881609,0.24294057600727664,1.0058376101573974
6.896896896896897,0.14175884951691603,-0.14616190792081613,0.587307553579194
6.906906906906907,-0.2513847573269883,0.3069599103040073,-1.028634643606278
6.916916916916917,-0.390860053631838,-0.489282025922312,-0.7020574129076238
6.926926926926927,-0.8566972810949725,-0.38487791465566734,-0.7800367784370877
6.936936936936937,-0.8553724411015817,-1.8892051808977313,-1.0245634293173942
6.946946946946947,-0.9360936047371726,-1.0445084407380263,-0.7283157572791832
6.956956956956957,-1.007165494905832,0.22336990701137774,0.1688825744905138
6.966966966966967,-0.8286565257150269,-1.107472023142998,0.004143554199024346
6.976976976976977,-0.7869655974684107,-1.074492700818442,-1.7116295945750053
6.986986986986987,-0.3051203481632127,-0.4399459397629191,0.10013294216093616
6.996996996996997,-0.11269244997191505,-0.11495396380088081,0.9689444193007116
7.007007007007007,0.1660857641927506,0.6249953796910587,0.5278048827960167
7.017017017017017,0.6144024228675693,1.0070491170735734,1.3822858404326541
7.027027027027027,0.6802379361984535,0.992439621118068,2.3604886618133416
7.037037037037037,0.7773699772439205,1.1735735803770073,1.7371837437658617
7.047047047047047,0.8400370543544478,1.0918229360366007,1.1951468482202212
7.057057057057057,1.0361251676164018,1.0874144638364507,1.8115949517496406
7.067067067067067,0.7316246449311149,1.4478890609196682,0.9755778466582561
7.077077077077077,0.83497299173433,1.5320166701548426,0.6786160081638579
7.087087087087087,0.1864425619610666,0.028722396235214942,0.1135041141784528
7.097097097097097,0.26071665951564327,-0.5032194361729493,1.341801709752326
7.107107107107107,-0.20032408560129783,0.5658212779969745,-0.8761687650751608
7.117117117117117,-0.5218762391401531,-0.3214902672401799,0.713689251789379
7.127127127127127,-0.807238147178849,-1.9183202722999526,-0.35285493950565694
7.137137137137137,-0.8795435199549974,-0.7954344607426418,-2.0389020712317576
7.147147147147147,-0.9997498362815889,-1.3689114742714679,-0.7018669316459668
7.157157157157157,-0.8644976584728831,-0.7852092999640795,-2.654849052795835
7.167167167167167,-0.846634065989486,-0.44220073547894745,-0.35765041739086134
7.177177177177177,-0.642096209123005,-0.6429340616447877,0.05105880112200012
7.187187187187187,-0.428105273941789,-0.3367863918097072,-0.8656288172420463
7.197197197197197,-0.09363347078317541,-0.40917415383437583,0.010899248353397215
7.207207207207207,0.25527158552677043,0.7170986163370767,1.7878173556377936
7.217217217217217,0.34388645097514214,0.6339466849063771,0.11030592683125534
7.227227227227227,0.6199941853502211,1.041345402690833,-0.09231334208448805
7.237237237237237,0.9950154724551302,0.9285363357106651,2.1060197850229376
7.247247247247247,1.0133494545113475,0.42682454852783963,2.5663326631231893
7.257257257257257,0.9557235468034714,1.7543270302007743,0.9770784179170171
7.267267267267267,0.858280989199892,0.8362135676254009,1.6656080242200377
7.277277277277277,0.6895108689759131,0.9740972614381437,1.727933430864451
7.287287287287287,0.33487276056046555,0.27259955499340355,-0.20513865743930554
7.297297297297297,0.006975451935294086,0.9039558244504509,-0.3034387438187693
7.307307307307307,-0.20797023936629758,-0.10092326488827114,0.7571448456477222
7.317317317317317,-0.6154338382233661,-0.44556610404130653,0.8304148625049448
7.327327327327327,-0.7160464764335323,-0.8530743120304907,-0.3065670638654956
7.337337337337337,-1.0921702501090014,-1.3734391093815326,-1.625763372486861
7.347347347347347,-0.8936140392177705,-0.6947195642366647,0.5931192864092182
7.357357357357357,-0.9261465325147035,-1.5420561233719956,-1.3981829990055794
7.367367367367367,-0.8292069178755352,-1.1360408445703558,-1.1229201162440843
7.377377377377377,-0.5541034381272356,-1.2745717539071741,-0.37850226893008987
7.387387387387387,-0.2194021145490671,-0.21076572453856168,0.8573787775764945
7.397397397397397,0.019764904638609776,0.67725858132252,0.6015086793785757
7.407407407407407,0.0465284476092781,0.4190282193002218,0.562508271031971
7.4174174174174174,0.39232701530801006,0.6803957928324524,0.8909155360760652
7.4274274274274275,0.6964414336985216,0.7038501097411541,0.7937350263828623
7.4374374374374375,0.9257347042153956,1.2040740217380834,1.3696372108091173
7.4474474474474475,1.0485523422039464,0.4385225914890953,-1.0268616219984086
7.4574574574574575,0.9001066733878141,1.3336244811578528,0.735395087447322
7.4674674674674675,0.871850409641102,1.584196504023471,1.046231281126819
7.4774774774774775,0.5744476298183172,0.8086358021415412,-0.2708253438419562
7.4874874874874875,0.32189479230397705,0.17783775175396438,0.6921052268524199
7.4974974974974975,-0.06212863811914722,0.48626569943257875,-0.08503950522322222
7.5075075075075075,-0.3259980205753368,-1.3424194934616462,1.1707058626881457
7.5175175175175175,-0.6581361787774296,0.05828628177180473,0.7354480619560889
7.5275275275275275,-0.8585546509593958,-1.181696680494812,-1.1336117809561927
7.5375375375375375,-0.818965999916521,-2.1396432903482476,-1.0450003488306612
7.5475475475475475,-1.0919733086618837,-0.8324308045585983,-1.0561914722654036
7.5575575575575575,-0.7087080029684972,-0.041142781303645015,-1.3332737903799345
7.5675675675675675,-0.8021973476452284,-0.6790542559370729,-0.695509150510816
7.5775775775775776,-0.6291092692679161,-0.26663772250361245,-1.2542185367474756
7.587587587587588,-0.46597557614173046,0.12601750241062531,-1.2846320660736303
7.597597597597598,-0.005371076641516634,0.49285621120943995,0.4227669145377991
7.607607607607608,0.17916742766788774,1.3017807861352229,0.7403548776691138
7.617617617617618,0.5378465340958433,1.1367816949634744,-0.11780705509668687
7.627627627627628,1.019012288198396,0.7034517151770208,1.4792881789815961
7.637637637637638,0.9159196289492062,-0.17541241511440359,0.42026343558940604
7.647647647647648,1.1121978720013987,0.7868436063251715,1.1998027298032161
7.657657657657658,0.9008841097577922,0.7957292271443979,1.6274769623603458
7.667667667667668,0.8463772721410009,2.1742836377910977,0.8229860694277267
7.677677677677678,0.8222734995022606,0.4581986146023143,1.008986165651617
7.687687687687688,0.3145325585240137,0.13891510541391594,-0.03591445080726702
7.697697697697698,0.25351076772030284,0.2624196301186023,-0.0849073548218678
7.707707707707708,-0.16901018995216527,0.029240336519507137,-0.4044729282019851
7.717717717717718,-0.5845648663354571,0.5569977986918698,-1.1255808659782214
7.727727727727728,-0.7017920235523215,-1.1771884516877353,-0.9064521279504992
7.737737737737738,-0.8294564604426127,-1.1292743103531935,-2.165606544496283
7.747747747747748,-0.9353168003727801,-1.4525119544313718,-1.3904207943081834
7.757757757757758,-1.1274701625088428,-1.3821705045493304,-1.1983480852155337
7.767767767767768,-0.9209284174952896,-0.9174638751356555,-1.0531585019091068
7.777777777777778,-0.6675394732416909,-0.7639120512084453,-0.8359855663831636
7.787787787787788,-0.3817583428340259,-0.8887699531212456,-0.42372635981212436
7.797797797797798,-0.00706183483972013,-0.4973049806142596,0.31442416987406324
7.807807807807808,0.2606072854719084,-0.2109789817626286,0.9424508446846012
7.817817817817818,0.39745116425830584,0.7249037263808937,0.011173418650702205
7.827827827827828,0.8050739799561913,-0.0896830459681845,-0.19550648945572058
7.837837837837838,0.988947601824889,1.0081873192799031,0.09425349750202427
7.847847847847848,1.053694233989365,0.9587862808231471,0.6079528522403191
7.857857857857858,1.077762104213152,0.4912951063995641,0.6881469774044826
7.867867867867868,0.9299371057849561,0.9262374920989165,0.23054803737209983
7.877877877877878,0.6862934345958775,0.15815328813985244,-0.39651790472688164
7.887887887887888,0.364380462661714,0.23134060674898743,0.006500371828228102
7.897897897897898,-0.10010459972496648,0.6578877635145643,0.21113278971780974
7.907907907907908,-0.20292476384057903,-0.9320516409651507,0.23013698691461418
7.917917917917918,-0.5128789916857994,-0.24302062098370478,-0.9795862028887674
7.927927927927928,-0.7419101228547701,-0.9570410232509717,-1.0994662642890547
7.937937937937938,-1.0567318305363878,-0.8929327562902819,-1.6704156200322053
7.947947947947948,-1.1060283690690684,-0.96783042382951,-1.0230740513280634
7.957957957957958,-0.8635954979028636,-1.0924498599155599,-1.6476536905888057
7.967967967967968,-0.8488222243414931,-0.7724718387725072,-0.3863644583628675
7.977977977977978,-0.5698068410158642,-1.1456348727024153,-2.0666501043004155
7.987987987987988,-0.3656435571972225,-0.12990793712241483,-0.6561791327722386
7.997997997997998,-0.059877676094928375,-0.12687753204862368,0.17803258130889077
8.008008008008009,0.3427619350644978,1.4529889100301512,0.39600116752490155
8.018018018018019,0.48470017041564983,0.7366946383023676,2.690731574421785
8.028028028028029,0.7806862903928262,0.3054517191012207,1.0509142323530538
8.038038038038039,0.8839882019581013,-0.12595602223668606,0.1269720533549974
8.048048048048049,0.9546707492949148,0.02369937829660125,0.921748974366888
8.058058058058059,0.9372107405552544,0.4305243913732156,-0.4528691138710431
8.068068068068069,0.865393549549593,1.2062533371293296,0.7787003729488131
8.078078078078079,0.587657223678036,0.7767258181685193,-0.030912759756223318
8.088088088088089,0.4911257243825716,-0.7242264010026971,1.097862332273349
8.098098098098099,-0.029746265338739135,0.4362142588337634,-0.3799177547932167
8.108108108108109,-0.2706652258012589,-0.2380498459068508,-0.34539079402132034
8.118118118118119,-0.5829293281876313,-0.23726951866893636,-1.0474024954837367
8.128128128128129,-0.6283750049533601,-0.08187645104199856,0.6180082880939317
8.138138138138139,-0.9117098118087051,-0.7819815635742047,-1.188359502354192
8.148148148148149,-0.8951237043244061,-1.2017582434468914,0.46773747651209185
8.158158158158159,-1.1158915857009892,-1.1564886937128622,-0.3160141387026788
8.168168168168169,-0.814780270713113,-1.6903314723632101,-0.4558319154317299
8.178178178178179,-0.544137896364484,-1.1093322541254447,-0.3381144580728119
8.188188188188189,-0.35439281485410673,-0.7670652064050607,-0.04758337520864786
8.198198198198199,0.04997298832273263,-0.6175122353506781,-1.5987131126602905
8.208208208208209,0.20329123139029004,0.44680864211089183,0.031913361079722036
8.218218218218219,0.682537215566738,0.80585228457696,1.2177288484956372
8.228228228228229,1.0049535412415367,0.5442450871507228,0.7359459821003271
8.238238238238239,0.8962217814357366,0.30879435555591983,-0.19164623996315755
8.248248248248249,0.9539358197304462,1.0173059879805098,0.9565625114085478
8.258258258258259,1.1118720252698155,1.44588485072451,2.3298179905624385
8.268268268268269,0.9977393150316044,0.5191598462375977,1.837295472886309
8.278278278278279,0.5783776023272437,1.2160077950653831,0.581060397549745
8.288288288288289,0.31767004793494036,0.011865369867316677,1.1208481512909954
8.298298298298299,0.025256613107025642,-0.0008049403892744222,-0.2397705423013651
8.308308308308309,-0.3925046205322863,0.35538226883738466,-1.6211568388902338
8.318318318318319,-0.636108559280029,-0.20431348523336154,-1.2838161551352527
8.328328328328329,-0.8774610761574997,-0.42232727969201944,0.47326401532426554
8.338338338338339,-1.0104165201212714,-1.0884114677365253,-1.152831229074302
8.348348348348349,-1.0021225998151349,-1.3666925118201776,-1.193361294576471
8.358358358358359,-0.9423005750616943,-0.5246922394119957,-1.2055926053352508
8.368368368368369,-0.6830205494238171,-1.187876193354975,0.6852386729531809
8.378378378378379,-0.7280554013694974,-0.6975105188805882,0.6725471349940325
8.388388388388389,-0.258320448566572,-0.6715001621380877,1.4182714983442768
8.398398398398399,-0.07169345478588805,-0.2143251545670142,-0.17753073868337818
8.408408408408409,0.2561501394468448,0.45803892474216085,0.4975961014097642
8.418418418418419,0.6143608247103105,-0.17326122700996058,-0.666435164042983
8.428428428428429,0.6667503834272601,0.37937286805107134,1.9605701264781097
8.438438438438439,0.9729996312855652,0.6832647304956109,0.0005350156528121097
8.448448448448449,1.0154574950485746,1.0206182448548955,1.1722327252373723
8.458458458458459,1.0141460950955479,0.7131973592055862,0.0870589465884577
8.468468468468469,0.865267673356561,1.6887073272286375,0.3652573475748223
8.478478478478479,0.871300190842878,0.06568355592755387,-0.04403976798797171
8.488488488488489,0.29003912070121396,0.5408532290932688,-0.13248708941430876
8.498498498498499,-0.005946126147896351,0.20448075427540058,-0.3841445931668975
8.508508508508509,-0.32644492195907404,-0.32419814166855837,-0.7027459052566594
8.518518518518519,-0.6050566899868469,0.5563585607058339,0.11715815135342433
8.528528528528529,-0.8447291803765626,-1.5065149897428372,-1.6648807020959269
8.538538538538539,-0.8169696524430627,-0.77374304682803,-0.7594381639427245
8.548548548548549,-0.8569101349598416,-0.553084941499148,-0.024593237914380284
8.558558558558559,-1.0211449761910945,-1.0354320526095318,-1.3746274384268635
8.568568568568569,-0.9178583055582481,0.07852285700280381,-1.4089578608459066
8.578578578578579,-0.5761726122995658,-0.8787453495840156,-0.8077338680824069
8.588588588588589,-0.4060923552794427,-0.5037206357822491,0.5929101158372225
8.598598598598599,0.019281079753180885,0.03358988438769302,0.11127400274031597
8.608608608608609,0.2874549182196342,0.4648482192166061,-0.1578088195515746
8.618618618618619,0.4005592348533551,1.1731430203935227,0.9392349673035101
8.62862862862863,0.9377011463414572,1.047590402604193,-0.0988830936606877
8.63863863863864,1.116562466576993,-0.23422550206878312,1.4820623076217994
8.64864864864865,0.9378200971562421,1.600568841547177,1.325984812366095
8.65865865865866,0.9244600349003127,0.3977052693950362,0.7169834139828039
8.66866866866867,0.8614729727132768,1.5634485267397407,0.1620177948830014
8.67867867867868,0.6542976738419426,1.0504085455515042,-0.08849274298352583
8.68868868868869,0.413777939961537,-0.4942189863423701,0.7757773817709821
8.6986986986987,0.24189065331734388,-0.21337649818610863,1.0240546014319585
8.70870870870871,-0.2878864436332162,-0.5564523951310558,-0.7800379185068471
8.71871871871872,-0.6345825788379632,-0.4492491018401577,-0.18804349154293037
8.72872872872873,-0.922834964687875,-1.074402342892392,-2.4545246567680774
8.73873873873874,-1.0111618308903574,-0.8446111788435493,-1.4057630114219253
8.74874874874875,-1.0025401894834605,-0.3910500483748123,-1.0240746384928023
8.75875875875876,-0.7829247228848557,0.002913097967827294,-1.6901272428221015
8.76876876876877,-0.8829030122192969,-0.900594775461066,-1.5803469821473566
8.77877877877878,-0.5960048867523289,-0.8601575595922016,-1.1526073270913277
8.78878878878879,-0.346615823401844,-1.4827668584209874,-0.11121935113347026
8.7987987987988,0.0811114346660851,-0.48577537247100594,-0.18759110740382307
8.80880880880881,0.5259113961958487,1.0239451340965349,-1.5173668330514911
8.81881881881882,0.5042796989696035,1.5754475890660373,-1.1391935458464175
8.82882882882883,0.73790375111978,0.030834962541430644,0.3013555530858619
8.83883883883884,1.0435697653266716,0.3471574210090966,1.305302946462606
8.84884884884885,1.0675352854246127,0.9428970786621519,-1.198657737718206
8.85885885885886,1.1461920428207322,1.3707419024396204,0.5617371693258242
8.86886886886887,0.8877819300576701,0.6335271149790034,0.4083908263111369
8.87887887887888,0.579980044488484,0.6874316148994506,1.7265794761339484
8.88888888888889,0.40108562639488615,-0.19034185611346222,0.03400269395536426
8.8988988988989,0.145455570870123,-0.014019124019121136,0.340976400604575
8.90890890890891,-0.1941936662593502,0.26686845477976523,-0.163236172309116
8.91891891891892,-0.5092473830268517,-0.34918199053883425,-2.264427969983342
8.92892892892893,-0.6821170984737228,-1.149149979473067,-0.1742187941272484
8.93893893893894,-0.8232996816651854,-1.2901429805265552,-0.7679120363447223
8.94894894894895,-0.8612389987253171,-1.0831449640824138,-0.5928399860893981
8.95895895895896,-0.8957816136633626,-0.8748723790626909,2.1803375627267347
8.96896896896897,-0.8443399466344126,-0.7508108233475517,-2.4949184902015977
8.97897897897898,-0.5987573656233468,0.04206370229905959,0.7663285855422077
8.98898898898899,-0.2184124738438344,-0.35336732260083775,-0.5690213860149546
8.998998998999,-0.11313575801786792,-0.21681975898784156,0.19842093260326316
9.00900900900901,0.3161302141801239,0.8993326354229825,0.24285308705184003
9.01901901901902,0.5232435769856799,0.60050858848939,0.22318839149998115
9.02902902902903,0.7935881212085769,1.2317918166931672,0.33484729632408816
9.03903903903904,1.069140691790224,0.8317097474024667,1.2049024939879014
9.04904904904905,1.0186636820237545,0.910137960598798,-0.21418518211557924
9.05905905905906,0.9644180491688122,1.4560214752221854,1.56023772837061
9.06906906906907,0.689873366865552,0.24387920567369545,0.4929034570553408
9.07907907907908,0.6855675051481243,-0.09957296428445386,-0.29311332268688406
9.08908908908909,0.40065166265632673,-0.5548976450739622,-0.02390704185443182
9.0990990990991,0.24462433041363982,0.0658797440362543,1.034018231573152
9.10910910910911,-0.31305894396926703,0.8571502903461872,-0.7105491900869455
9.11911911911912,-0.5432595339990174,0.7525431843969446,-0.2784116721977151
9.12912912912913,-0.7676965223706053,-0.622382135626612,-1.3773999113140594
9.13913913913914,-0.7846071335579782,-0.9855885112862505,-0.33601498159543
9.14914914914915,-1.0091723209009251,-1.932186874350017,-0.45123657663006667
9.15915915915916,-0.9309845421476106,-0.9562751964397511,0.5200003719124847
9.16916916916917,-0.7632920051317164,-1.017304469934179,-0.9645328125027427
9.17917917917918,-0.5897886086785674,-1.069281647896061,-0.07352567718787795
9.18918918918919,-0.37778315619712177,-0.7104782757187726,-0.2546857631109133
9.1991991991992,-0.005746246099529572,-0.29133908559355587,1.0115421801010511
9.20920920920921,0.39265974106001383,-0.42964129056381317,-0.2897693440129476
9.21921921921922,0.4651145561536131,1.140983722395158,1.163770336396544
9.22922922922923,0.8078452713271219,0.10613888085206546,0.638790467019089
9.23923923923924,0.8733880167776679,0.7701602750348342,0.892049556584787
9.24924924924925,1.1192265371628727,2.008502538247067,1.0731238618290868
9.25925925925926,0.8056708218371087,0.7737620485863614,1.159781829456828
9.26926926926927,0.7664039968716615,-0.24499950771355858,0.7293129471012538
9.27927927927928,0.6436720637699935,0.3092872869375429,0.7777214227999625
9.28928928928929,0.4867254533242905,0.5882045138977761,1.592667496450604
9.2992992992993,0.015436357818922065,0.9748034385132074,0.8103711324183955
9.30930930930931,-0.3438291429415201,-0.6268772685825603,0.407014483725317
9.31931931931932,-0.38223628363384643,-0.12557656942772857,-0.9347836113970021
9.32932932932933,-0.9412552495465388,-1.1843880560334796,-1.5078465220875739
9.33933933933934,-1.1643190010428381,-1.289434466759698,-0.18019795879062772
9.34934934934935,-0.9557896492585927,0.2978789486855983,-0.2989536602400904
9.35935935935936,-1.0072882784335315,-1.4316303404375528,0.22105368460251507
9.36936936936937,-0.9226258568201748,-0.4986369674436974,-1.3036870758824872
9.37937937937938,-0.5326105943334911,-0.5264899686454503,-0.7870851633517041
9.38938938938939,-0.30282296948067977,-0.0758937412238046,-1.638790370878147
9.3993993993994,-0.075275167858142,0.007503652576255581,-0.33284418963316753
9.40940940940941,0.1632885234084278,0.7230019187040575,1.0885753717390751
9.41941941941942,0.6601779874700312,0.5706660017127327,0.1997359512594583
9.42942942942943,0.8633716564702522,0.7744195526731581,1.310735374835045
9.43943943943944,0.9355497862159233,0.48273692768921567,0.7930648877956126
9.44944944944945,1.1845141265630676,1.2898976585079172,1.2590960495355494
9.45945945945946,0.8491582581066379,1.0497282749063856,0.03801362288671928
9.46946946946947,0.6661483372733427,1.199363679318799,0.8868684140729374
9.47947947947948,0.5317448271750057,0.4262098992000135,-1.7919731425574486
9.48948948948949,0.3196711938488038,0.5965816858995983,0.1747128689547657
9.4994994994995,0.04005698398932106,-0.028829809750548857,-1.2886555559150603
9.50950950950951,-0.3184494611049307,-0.9017773701741499,0.6704697579181551
9.51951951951952,-0.5403013131184499,0.24611352334044317,0.04641902944172949
9.52952952952953,-0.9253952650730856,-1.4147943397934306,-0.42690453708117626
9.53953953953954,-0.8021105293275219,-1.5635708235784493,0.27031799199265627
9.54954954954955,-1.008114989606006,-1.3147030335436172,-1.759033088426619
9.55955955955956,-0.843511574439479,0.011729580231022108,0.4426494007341548
9.56956956956957,-0.7826185025551284,-1.69552906266949,-0.07113778578459107
9.57957957957958,-0.5527437644755627,0.8071821710496001,-0.787663316166098
9.58958958958959,-0.26427661566091426,-0.08294155364571221,0.5872427740622206
9.5995995995996,0.03219223816297077,0.08395246811678565,-0.8976134277680681
9.60960960960961,0.36160211265393427,0.5503104333591853,-0.36228149255495895
9.61961961961962,0.7109910125135963,0.9085838499847434,0.09120398090859283
9.62962962962963,0.8217753097251945,0.8978317135234687,0.3789410263038353
9.63963963963964,1.0183976224792737,0.9808839356505983,0.10225113251222018
9.64964964964965,0.9909658587715713,1.264538030595309,1.978405881876554
9.65965965965966,1.0983178552737036,1.2801888841366018,0.7472226134328911
9.66966966966967,0.7474339112803339,0.9026595297855685,1.0970771161717645
9.67967967967968,0.7759906639250007,0.3538341224919548,0.13961552750297468
9.68968968968969,0.3142579198278735,-0.06789457805502253,-1.138208925546506
9.6996996996997,-0.13364343798587958,0.5650007528558082,0.22547995893906292
9.70970970970971,-0.28752043612067074,0.27819358681461126,-1.8301348579475714
9.71971971971972,-0.6487441151760689,-1.8660604906905385,-0.6355461862969557
9.72972972972973,-0.7199327754680666,-0.6440391779433344,-1.8986491614331875
9.73973973973974,-1.0137605314900242,-1.1393258169271048,0.6413226658248613
9.74974974974975,-1.044587439189225,-1.018756131366437,-0.2708789181279695
9.75975975975976,-1.1423157454719928,-0.8652322472630453,-0.8687586393602553
9.76976976976977,-0.8584778171486442,-0.06790818066709714,0.1977181568999984
9.77977977977978,-0.8357561945005446,-0.28915740080580266,-1.2704210438102375
9.78978978978979,-0.4736812209240824,-0.9893957809047123,0.11949256436056438
9.7997997997998,0.06975203229832472,0.18969013662930503,0.15355891365886576
9.80980980980981,0.3819089643397007,0.10052061068544493,0.5145450135415535
9.81981981981982,0.6257421533847841,0.07517257769086985,1.601079197291702
9.82982982982983,0.7091655026447411,0.32139890748932076,1.3918567991815043
9.83983983983984,0.9447185047406205,1.093561519746722,1.180468570614837
9.84984984984985,0.9996286205666572,1.4708912057284014,-0.32392107450692287
9.85985985985986,0.836571313965193,1.4925907047112583,0.18437074666087627
9.86986986986987,0.9617530166395897,1.3542417701358245,0.7132460395862953
9.87987987987988,0.678570264063515,0.6762711227324478,0.6655319344272688
9.88988988988989,0.290208626848539,-0.2950081006594627,-0.5918579355076337
9.8998998998999,0.005833316107178674,0.21533241919308652,1.9324860726704627
9.90990990990991,-0.2854857388120106,0.3781299170231971,0.9067912245960925
9.91991991991992,-0.7899215643842757,-0.02983342644489892,-0.10405342122785988
9.92992992992993,-0.8324388723258547,-0.3874561331650353,-0.7500916450467991
9.93993993993994,-1.0186701820998938,-0.8823283354128082,-1.1202389332210352
9.94994994994995,-1.1001607648180887,-0.8261614900526525,-1.7615335318463856
9.95995995995996,-0.9795545039717706,-0.13152246341851526,-0.8894600598680851
9.96996996996997,-0.6298025106558058,-0.6455815824634776,-0.6033691312265576
9.97997997997998,-0.524209679074101,-1.2049557140772165,-1.5817024255861014
9.98998998998999,-0.36643396036717296,-0.6762828857657377,-0.04197492759297533
10.0,0.057258278135617825,-0.37245132240322026,-0.12420723905979704
